,Date,High Price,Low Price,Average Price
1,1/1/2015,40,39,39.5
2,1/2/2015,34.91666667,33.08333333,34.20333333
3,1/3/2015,34.91666667,33.08333333,34.20333333
4,1/4/2015,34.91666667,33.08333333,34.20333333
5,1/5/2015,42.125,39.98125,40.8375
6,1/6/2015,56.85,51.25,54.66666667
7,1/7/2015,56.96428571,54.10714286,55.30571429
8,1/8/2015,41.22857143,38.57142857,39.84285714
9,1/9/2015,32.63333333,31.20833333,31.74333333
10,1/10/2015,32.63333333,31.20833333,31.74333333
11,1/11/2015,32.63333333,31.20833333,31.74333333
12,1/12/2015,41.83125,39.89375,40.9625
13,1/13/2015,44.16428571,41.57857143,42.62571429
14,1/14/2015,40.1875,39.0625,39.6375
15,1/15/2015,44,41.46428571,42.53
16,1/16/2015,29.43,28.05,28.734
17,1/17/2015,29.43,28.05,28.734
18,1/18/2015,29.43,28.05,28.734
19,1/19/2015,49.7,47.5,48.345
20,1/20/2015,38.05833333,36.70833333,37.29833333
21,1/21/2015,34.75,33.33571429,34.06571429
22,1/22/2015,32.39375,31.40625,31.88875
23,1/23/2015,42.93571429,40.91428571,42.04857143
24,1/24/2015,42.93571429,40.91428571,42.04857143
25,1/25/2015,42.93571429,40.91428571,42.04857143
26,1/26/2015,43.45,40.30714286,41.68285714
27,1/27/2015,41.25,39.025,40.00166667
28,1/28/2015,36.41428571,35.02857143,35.66428571
29,1/29/2015,38.95833333,36.45833333,37.8
30,1/30/2015,47.75714286,44.07142857,45.94142857
31,1/31/2015,47.75714286,44.07142857,45.94142857
32,2/1/2015,47.75714286,44.07142857,45.94142857
33,2/2/2015,40.84375,39.05625,39.85375
34,2/3/2015,35.29166667,33.45833333,34.54166667
35,2/4/2015,41.53125,38.5625,40.14125
36,2/5/2015,37.21428571,35.5,36.42714286
37,2/6/2015,33.66428571,32.33571429,32.82142857
38,2/7/2015,33.66428571,32.33571429,32.82142857
39,2/8/2015,33.66428571,32.33571429,32.82142857
40,2/9/2015,36.89375,35.34375,36.19875
41,2/10/2015,41.5625,40.28125,41.025
42,2/11/2015,47.30625,43.5,45.7
43,2/12/2015,47.09375,43.1875,44.8675
44,2/13/2015,63.96428571,55.10714286,59.51
45,2/14/2015,63.96428571,55.10714286,59.51
46,2/15/2015,63.96428571,55.10714286,59.51
47,2/16/2015,97.28333333,88.75,93.57333333
48,2/17/2015,62.25625,56.89375,59.29125
49,2/18/2015,88.01428571,79.67857143,83.60857143
50,2/19/2015,76.4375,66.84375,71.7
51,2/20/2015,62.125,56.59375,59.32875
52,2/21/2015,62.125,56.59375,59.32875
53,2/22/2015,62.125,56.59375,59.32875
54,2/23/2015,81,74.90714286,78.49142857
55,2/24/2015,66.25,61.45714286,63.97142857
56,2/25/2015,65.56875,57.8125,61.2575
57,2/26/2015,62.66875,56.6,59.0975
58,2/27/2015,43.63125,41.55,42.525
59,2/28/2015,43.63125,41.55,42.525
,,,,
,,,,
,,,,
63,3/1/2015,43.63125,41.55,42.525
64,3/2/2015,43.66875,41.3,42.03
65,3/3/2015,38.60714286,36.58571429,37.76857143
66,3/4/2015,63.52142857,56.10714286,60.30142857
67,3/5/2015,66.46428571,60.60714286,63.70571429
68,3/6/2015,36.5,35.28571429,35.71285714
69,3/7/2015,36.5,35.28571429,35.71285714
70,3/8/2015,36.5,35.28571429,35.71285714
71,3/9/2015,32.03571429,30.82142857,31.51428571
72,3/10/2015,30.175,29.3625,29.6975
73,3/11/2015,31.15,30.16875,30.58
74,3/12/2015,32.11666667,31.08333333,31.48833333
75,3/13/2015,32.33125,31.2375,31.7175
76,3/14/2015,32.33125,31.2375,31.7175
77,3/15/2015,32.33125,31.2375,31.7175
78,3/16/2015,32.67857143,31.62857143,32.05142857
79,3/17/2015,40.18571429,38.25,39.18
80,3/18/2015,39.6875,38.54375,39.035
81,3/19/2015,36.03571429,34.11428571,35.17571429
82,3/20/2015,31.79166667,30.20833333,30.96166667
83,3/21/2015,31.79166667,30.20833333,30.96166667
84,3/22/2015,31.79166667,30.20833333,30.96166667
85,3/23/2015,35.95625,34.31875,35.36125
86,3/24/2015,31.35714286,30.32142857,30.85857143
87,3/25/2015,30.63125,29.625,30.20125
88,3/26/2015,30.675,29.375,30.0775
89,3/27/2015,30.48571429,29.55714286,29.88571429
90,3/28/2015,30.48571429,29.55714286,29.88571429
91,3/29/2015,30.48571429,29.55714286,29.88571429
92,3/30/2015,33.11428571,29.85714286,31.44142857
93,3/31/2015,29.9375,28.5625,29.255
94,4/1/2015,28.94285714,28.19285714,28.66857143
95,4/2/2015,27.64375,26.94375,27.24875
96,4/3/2015,27.64375,26.94375,27.24875
97,4/4/2015,27.64375,26.94375,27.24875
98,4/5/2015,27.64375,26.94375,27.24875
99,4/6/2015,29.91428571,28.33571429,29.30857143
100,4/7/2015,33.40625,31.65,32.48625
101,4/8/2015,31.40625,30.15625,30.86875
102,4/9/2015,30.10714286,27.42857143,28.31142857
103,4/10/2015,29.16666667,28.16666667,28.71666667
104,4/11/2015,29.16666667,28.16666667,28.71666667
105,4/12/2015,29.16666667,28.16666667,28.71666667
106,4/13/2015,28.14285714,26.96428571,27.63
107,4/14/2015,29.78571429,28.42857143,29.31428571
108,4/15/2015,29.39375,28.6875,29.0725
109,4/16/2015,29.35714286,28.64285714,29.05142857
110,4/17/2015,30.46428571,29.44285714,29.84285714
111,4/18/2015,30.46428571,29.44285714,29.84285714
112,4/19/2015,30.46428571,29.44285714,29.84285714
113,4/20/2015,30.34375,29.125,29.72125
114,4/21/2015,29.9,29.19375,29.63375
115,4/22/2015,30.75,29.63333333,30.15166667
116,4/23/2015,30.53125,28.1875,28.96375
117,4/24/2015,31.78571429,30.61428571,31.01
118,4/25/2015,31.78571429,30.61428571,31.01
119,4/26/2015,31.78571429,30.61428571,31.01
120,4/27/2015,29.74285714,28.70714286,29.12142857
121,4/28/2015,29.42857143,28.71428571,29.05571429
122,4/29/2015,31.19375,30.13125,30.56375
123,4/30/2015,27.65714286,26.39285714,26.80857143
,,,,
125,5/1/2015,33.03125,31.66875,32.395
126,5/2/2015,33.03125,31.66875,32.395
127,5/3/2015,33.03125,31.66875,32.395
128,5/4/2015,32.875,31.0625,31.8225
129,5/5/2015,33.0625,31.14375,32
130,5/6/2015,34.35714286,32.59285714,33.47714286
131,5/7/2015,34.63571429,33.39285714,34.12
132,5/8/2015,39.68125,37.6125,38.7
133,5/9/2015,39.68125,37.6125,38.7
134,5/10/2015,39.68125,37.6125,38.7
135,5/11/2015,38.16875,35.65,36.62875
136,5/12/2015,30.18125,29.3,29.7575
137,5/13/2015,29.56428571,28.46428571,29.00428571
138,5/14/2015,29.5625,28.20625,28.88125
139,5/15/2015,34.125,32.16666667,33.195
140,5/16/2015,34.125,32.16666667,33.195
141,5/17/2015,34.125,32.16666667,33.195
142,5/18/2015,33.56875,32.8125,33.175
143,5/19/2015,30.62857143,29.67857143,30.11571429
144,5/20/2015,27.83333333,26.23333333,27.03166667
145,5/21/2015,24.78333333,23.46666667,23.99166667
146,5/22/2015,40.21428571,38.39285714,39.42142857
147,5/23/2015,40.21428571,38.39285714,39.42142857
148,5/24/2015,40.21428571,38.39285714,39.42142857
149,5/25/2015,40.21428571,38.39285714,39.42142857
150,5/26/2015,35.22142857,32.89285714,34.34571429
151,5/27/2015,35.35,33.80625,34.28375
152,5/28/2015,30.90714286,29.03571429,29.81142857
153,5/29/2015,29.125,28,28.58875
154,5/30/2015,29.125,28,28.58875
155,5/31/2015,29.125,28,28.58875
156,6/1/2015,25.91666667,24.93333333,25.25833333
157,6/2/2015,27.3,26.0625,26.64125
158,6/3/2015,26.84375,26,26.455
159,6/4/2015,27.40625,26.24375,26.885
160,6/5/2015,31.53571429,30.17857143,30.79285714
161,6/6/2015,31.53571429,30.17857143,30.79285714
162,6/7/2015,31.53571429,30.17857143,30.79285714
163,6/8/2015,33.925,32.08125,32.83375
164,6/9/2015,36.03125,33.5125,34.215
165,6/10/2015,37.0625,35.125,35.95
166,6/11/2015,36.0625,34.5625,35.40625
167,6/12/2015,38.51666667,34.4,35.55
168,6/13/2015,38.51666667,34.4,35.55
169,6/14/2015,38.51666667,34.4,35.55
170,6/15/2015,38.79166667,35.98333333,36.97666667
171,6/16/2015,34.35714286,32.10714286,32.97714286
172,6/17/2015,37.70833333,34.925,36.88333333
173,6/18/2015,34.19375,33.0625,33.72
174,6/19/2015,38.98571429,36.5,38.12571429
175,6/20/2015,38.98571429,36.5,38.12571429
176,6/21/2015,38.98571429,36.5,38.12571429
177,6/22/2015,43.95,41.28571429,42.64714286
178,6/23/2015,40.14285714,37.85714286,39.21428571
179,6/24/2015,42.00714286,38.25,40.36571429
180,6/25/2015,41.25,38.28125,39.75625
181,6/26/2015,46.16,41.95,43.818
182,6/27/2015,46.16,41.95,43.818
183,6/28/2015,46.16,41.95,43.818
184,6/29/2015,42.625,39.40625,40.31875
185,6/30/2015,59.96875,45.94375,51.5225
,,,,
187,7/1/2015,52.28571429,44.25,47.88285714
188,7/2/2015,38.3,35.35714286,36.88428571
189,7/3/2015,37.25,36,36.56
190,7/4/2015,37.25,36,36.56
191,7/5/2015,37.25,36,36.56
192,7/6/2015,38,36.23571429,37.10285714
193,7/7/2015,34.53571429,33.53571429,33.95285714
194,7/8/2015,32.49,30.7,31.476
195,7/9/2015,29.8,28.7875,29.16625
196,7/10/2015,35.875,34.625,35.26875
197,7/11/2015,35.875,34.625,35.26875
198,7/12/2015,35.875,34.625,35.26875
199,7/13/2015,34.54285714,33.11428571,34.03571429
200,7/14/2015,34.5,33.13125,33.98
201,7/15/2015,34.14285714,32.57142857,33.22428571
202,7/16/2015,35.35714286,33.39285714,34.25
203,7/17/2015,40.61428571,39.21428571,39.98285714
204,7/18/2015,40.61428571,39.21428571,39.98285714
205,7/19/2015,40.61428571,39.21428571,39.98285714
206,7/20/2015,38.07142857,36.46428571,37.13142857
207,7/21/2015,33.48571429,32.18571429,32.62428571
208,7/22/2015,32.3125,31.25,31.70625
209,7/23/2015,33.85,32.30625,33.20125
210,7/24/2015,38.46428571,37.53571429,37.99857143
211,7/25/2015,38.46428571,37.53571429,37.99857143
212,7/26/2015,38.46428571,37.53571429,37.99857143
213,7/27/2015,44.57142857,42.14285714,43.24285714
214,7/28/2015,51.46875,48.29375,49.84
215,7/29/2015,51.4375,47.34375,49.1825
216,7/30/2015,39.3,37.34375,38.37
217,7/31/2015,42.75,40.78571429,41.59714286
218,8/1/2015,42.75,40.78571429,41.59714286
219,8/2/2015,42.75,40.78571429,41.59714286
220,8/3/2015,38.79166667,35.41666667,36.685
221,8/4/2015,36.3125,34.6875,35.53125
222,8/5/2015,39.65,36.53333333,38.07
223,8/6/2015,51.71428571,50.85714286,51.34571429
224,8/7/2015,34.57142857,32.85714286,33.95142857
225,8/8/2015,34.57142857,32.85714286,33.95142857
226,8/9/2015,34.57142857,32.85714286,33.95142857
227,8/10/2015,37.52142857,34.75,35.83142857
228,8/11/2015,38.525,36.91666667,37.68833333
229,8/12/2015,38.43571429,37,37.76857143
230,8/13/2015,48.42857143,43.77142857,45.97142857
231,8/14/2015,46.90625,45.15625,45.88
232,8/15/2015,46.90625,45.15625,45.88
233,8/16/2015,46.90625,45.15625,45.88
234,8/17/2015,44.77142857,42.4,43.58714286
235,8/18/2015,38.03571429,36.09285714,37.24857143
236,8/19/2015,33.475,32.125,32.8
237,8/20/2015,31.4,30.41428571,30.95714286
238,8/21/2015,36.78571429,35,35.82428571
239,8/22/2015,36.78571429,35,35.82428571
240,8/23/2015,36.78571429,35,35.82428571
241,8/24/2015,34.89285714,34.22857143,34.52857143
242,8/25/2015,34.60714286,33.57142857,34.08428571
243,8/26/2015,35.875,34.70833333,35.18833333
244,8/27/2015,33.25,31.83333333,32.495
245,8/28/2015,37.82142857,36.5,37.16571429
246,8/29/2015,37.82142857,36.5,37.16571429
247,8/30/2015,37.82142857,36.5,37.16571429
248,8/31/2015,37.37857143,35.98571429,36.81714286
249,9/1/2015,39.3375,37.98125,38.6575
250,9/2/2015,38.34285714,36.43571429,37.11428571
251,9/3/2015,31.04166667,29.875,30.57
252,9/4/2015,37.35714286,35.85714286,36.49428571
253,9/5/2015,37.35714286,35.85714286,36.49428571
254,9/6/2015,37.35714286,35.85714286,36.49428571
255,9/7/2015,37.35714286,35.85714286,36.49428571
256,9/8/2015,44.1375,41.46875,42.5375
257,9/9/2015,40.175,38.64375,39.2925
258,9/10/2015,34.48333333,32.58333333,33.24333333
259,9/11/2015,32.33333333,30.375,31.33666667
260,9/12/2015,32.33333333,30.375,31.33666667
261,9/13/2015,32.33333333,30.375,31.33666667
262,9/14/2015,30.67857143,29.54285714,30.15571429
263,9/15/2015,32.24285714,31.23571429,31.73714286
264,9/16/2015,33.525,32.9625,33.195
265,9/17/2015,35.76875,34.425,35.11125
266,9/18/2015,35.5,34.49285714,34.95714286
267,9/19/2015,35.5,34.49285714,34.95714286
268,9/20/2015,35.5,34.49285714,34.95714286
269,9/21/2015,30.78571429,29.91428571,30.38428571
270,9/22/2015,31.65,30.9,31.20333333
271,9/23/2015,32.46428571,31.98571429,32.20285714
272,9/24/2015,30.1,29.625,29.79333333
273,9/25/2015,31.94285714,30.48571429,30.96714286
274,9/26/2015,31.94285714,30.48571429,30.96714286
275,9/27/2015,31.94285714,30.48571429,30.96714286
276,9/28/2015,32.29166667,31.125,31.77833333
277,9/29/2015,32.62142857,31.32142857,31.86571429
278,9/30/2015,30.8875,29.4,29.97875
,,,,
280,10/1/2015,28.84375,27.58125,28.09
281,10/2/2015,30,29.35833333,29.74
282,10/3/2015,30,29.35833333,29.74
283,10/4/2015,30,29.35833333,29.74
284,10/5/2015,31.12857143,30.12142857,30.57142857
285,10/6/2015,30.32142857,29.53571429,30.00714286
286,10/7/2015,32.56875,31.96875,32.355
287,10/8/2015,34.17857143,32.53571429,33.24
288,10/9/2015,36.53571429,35.64285714,36.13142857
289,10/10/2015,36.53571429,35.64285714,36.13142857
290,10/11/2015,36.53571429,35.64285714,36.13142857
291,10/12/2015,36.21428571,34.89285714,35.52428571
292,10/13/2015,35.45625,33.675,34.69
293,10/14/2015,33.05,31.95,32.51285714
294,10/15/2015,32.04166667,31.04166667,31.47166667
295,10/16/2015,32.74285714,31.99285714,32.31428571
296,10/17/2015,32.74285714,31.99285714,32.31428571
297,10/18/2015,32.74285714,31.99285714,32.31428571
298,10/19/2015,32.89285714,32.18571429,32.63428571
299,10/20/2015,31.35,30.82142857,31.05428571
300,10/21/2015,30.875,30.38333333,30.64833333
301,10/22/2015,33.125,31.125,31.955
302,10/23/2015,36.91666667,35.60833333,36.39666667
303,10/24/2015,36.91666667,35.60833333,36.39666667
304,10/25/2015,36.91666667,35.60833333,36.39666667
305,10/26/2015,33.8,33.05,33.45875
306,10/27/2015,32.38125,31.46875,32.00625
307,10/28/2015,31.25,30.125,30.7325
308,10/29/2015,30.48571429,29.45,29.92714286
309,10/30/2015,27.60714286,27.03571429,27.37857143
310,10/31/2015,27.60714286,27.03571429,27.37857143
311,11/1/2015,27.60714286,27.03571429,27.37857143
312,11/2/2015,29.975,28.9125,29.4125
313,11/3/2015,31.71428571,30.72857143,30.98142857
314,11/4/2015,30.0625,29.14375,29.68625
315,11/5/2015,29.87857143,29.02857143,29.44142857
316,11/6/2015,33,32.04166667,32.51833333
317,11/7/2015,33,32.04166667,32.51833333
318,11/8/2015,33,32.04166667,32.51833333
319,11/9/2015,30.32142857,28.35714286,29.07285714
320,11/10/2015,28.82142857,28.12857143,28.36714286
321,11/11/2015,29,28.4375,28.755
322,11/12/2015,26.625,25.75,26.11666667
323,11/13/2015,25.35,24.7,24.954
324,11/14/2015,25.35,24.7,24.954
325,11/15/2015,25.35,24.7,24.954
326,11/16/2015,26,24.78571429,25.16
327,11/17/2015,26.09375,25.5,25.79
328,11/18/2015,26.78571429,25.65,26.14714286
329,11/19/2015,26.64285714,25.65714286,26.19714286
330,11/20/2015,31.19166667,29.83333333,30.71666667
331,11/21/2015,31.19166667,29.83333333,30.71666667
332,11/22/2015,31.19166667,29.83333333,30.71666667
333,11/23/2015,28.34375,27.5,27.91125
334,11/24/2015,26.49,24.85,25.678
335,11/25/2015,25.35,24.5,24.852
336,11/26/2015,25.35,24.5,24.852
337,11/27/2015,36.25,36,36.075
338,11/28/2015,36.25,36,36.075
339,11/29/2015,36.25,36,36.075
340,11/30/2015,30.34375,28.89375,29.73
,,,,
342,12/1/2015,27.46428571,25.96428571,26.68285714
343,12/2/2015,27.85714286,26.57142857,27.21428571
344,12/3/2015,26.1875,25.5,25.87125
345,12/4/2015,26.42857143,25.28571429,26.01285714
346,12/5/2015,26.42857143,25.28571429,26.01285714
347,12/6/2015,26.42857143,25.28571429,26.01285714
348,12/7/2015,26.15,24.89285714,25.67857143
349,12/8/2015,24.9125,24.125,24.59875
350,12/9/2015,23.58571429,22.8,23.26714286
351,12/10/2015,21.75833333,21,21.39333333
352,12/11/2015,24.35833333,23.125,23.66
353,12/12/2015,24.35833333,23.125,23.66
354,12/13/2015,24.35833333,23.125,23.66
355,12/14/2015,23.39285714,22.65,22.96
356,12/15/2015,26.27142857,24.98571429,25.59428571
357,12/16/2015,26.89285714,26.10714286,26.60142857
358,12/17/2015,25.6,24.55,25.148
359,12/18/2015,24.95833333,24.08333333,24.605
360,12/19/2015,24.95833333,24.08333333,24.605
361,12/20/2015,24.95833333,24.08333333,24.605
362,12/21/2015,23.17857143,22.20714286,22.68714286
363,12/22/2015,22.50714286,21.57142857,22.07571429
364,12/23/2015,21.11666667,20.33333333,20.60166667
365,12/24/2015,31.875,31.25,31.6
366,12/25/2015,31.875,31.25,31.6
367,12/26/2015,31.875,31.25,31.6
368,12/27/2015,31.875,31.25,31.6
369,12/28/2015,31.03125,29.40625,30.32625
370,12/29/2015,31.75,30,30.81
371,12/30/2015,29.88888889,28.27777778,29.10111111
372,12/31/2015,37.11428571,34.62857143,35.47857143
373,1/1/2016,37.11428571,34.62857143,35.47857143
374,1/2/2016,37.11428571,34.62857143,35.47857143
375,1/3/2016,37.11428571,34.62857143,35.47857143
376,1/4/2016,35.23571429,34.02857143,34.62142857
377,1/5/2016,31.92857143,30.97857143,31.39857143
378,1/6/2016,29.5,28.21428571,28.87142857
379,1/7/2016,27.79166667,26.875,27.35333333
380,1/8/2016,33.67857143,32.12857143,33.17571429
381,1/9/2016,33.67857143,32.12857143,33.17571429
382,1/10/2016,33.67857143,32.12857143,33.17571429
383,1/11/2016,32.41875,31.5375,31.95875
384,1/12/2016,32.65625,31,31.75625
385,1/13/2016,28.26875,27.375,27.785
386,1/14/2016,28.26875,27.375,27.785
387,1/15/2016,29.42857143,27.75,28.55785714
388,1/16/2016,29.42857143,27.75,28.55785714
389,1/17/2016,29.42857143,27.75,28.55785714
390,1/18/2016,60,57.25,58.215
391,1/19/2016,30.77142857,29.85714286,30.23857143
392,1/20/2016,29.375,28.35,28.9375
393,1/21/2016,29.15625,28.4375,28.7825
394,1/22/2016,29.75625,28.8375,29.22875
395,1/23/2016,29.75625,28.8375,29.22875
396,1/24/2016,29.75625,28.8375,29.22875
397,1/25/2016,27.20833333,25.79166667,26.48
398,1/26/2016,26.81875,26.05,26.40625
399,1/27/2016,26.45714286,25.76428571,26.09142857
400,1/28/2016,24.01428571,23.24285714,23.64714286
401,1/29/2016,25.075,24.28125,24.68
402,1/30/2016,25.075,24.28125,24.68
403,1/31/2016,25.075,24.28125,24.68
404,2/1/2016,24.12857143,23.1,23.53142857
405,2/2/2016,24.12857143,23.1,23.53142857
406,2/3/2016,24.403125,23.721875,24.0025
407,2/4/2016,25.71666667,24.20833333,25
408,2/5/2016,27.42857143,26.25,26.93571429
409,2/6/2016,27.42857143,26.25,26.93571429
410,2/7/2016,27.42857143,26.25,26.93571429
411,2/8/2016,29.07857143,28.07142857,28.55142857
412,2/9/2016,28.4,26.96428571,27.48857143
413,2/10/2016,29.7625,28.15625,28.945
414,2/11/2016,28.475,27.03125,27.68875
415,2/12/2016,31.73333333,30.2,31.04333333
416,2/13/2016,31.73333333,30.2,31.04333333
417,2/14/2016,31.73333333,30.2,31.04333333
418,2/15/2016,36.425,35.5,35.935
419,2/16/2016,24.25,22.92857143,23.60571429
420,2/17/2016,22.875,21.55833333,22.41
421,2/18/2016,20.88333333,19.66666667,20.36666667
422,2/19/2016,21.89285714,21.03571429,21.40714286
423,2/20/2016,21.89285714,21.03571429,21.40714286
424,2/21/2016,21.89285714,21.03571429,21.40714286
425,2/22/2016,21.78571429,21.04285714,21.42428571
426,2/23/2016,20.95,20.05714286,20.49714286
427,2/24/2016,20.75,19.75,20.20833333
428,2/25/2016,21.8375,20.94375,21.53
429,2/26/2016,20.45833333,19.29166667,19.845
430,2/27/2016,20.45833333,19.29166667,19.845
431,2/28/2016,20.45833333,19.29166667,19.845
432,2/29/2016,20.09166667,19.16666667,19.71666667
,,,,
,,,,
435,3/1/2016,22.03125,21.56875,21.81125
436,3/2/2016,25.20833333,24.15,24.675
437,3/3/2016,22.75,21.65,22.152
438,3/4/2016,21.125,20.53333333,20.73666667
439,3/5/2016,21.125,20.53333333,20.73666667
440,3/6/2016,21.125,20.53333333,20.73666667
441,3/7/2016,18.66666667,17.95833333,18.285
442,3/8/2016,20.125,19.0625,19.6925
443,3/9/2016,18.34166667,17.33333333,17.76
444,3/10/2016,19.15,18.20625,18.6875
445,3/11/2016,21.20833333,20.41666667,20.91333333
446,3/12/2016,21.20833333,20.41666667,20.91333333
447,3/13/2016,21.20833333,20.41666667,20.91333333
448,3/14/2016,23.21428571,21.96428571,22.56428571
449,3/15/2016,22.44166667,21.16666667,21.92333333
450,3/16/2016,20.95,19.83,20.35
451,3/17/2016,21.44285714,20.44285714,20.86
452,3/18/2016,25.58333333,24.80833333,25.17
453,3/19/2016,25.58333333,24.80833333,25.17
454,3/20/2016,25.58333333,24.80833333,25.17
455,3/21/2016,20.375,18.975,19.65666667
456,3/22/2016,19.96875,19.1625,19.62
457,3/23/2016,20.53571429,19.32142857,20.18285714
458,3/24/2016,19.03571429,18.60714286,18.79714286
459,3/25/2016,19.03571429,18.60714286,18.79714286
460,3/26/2016,19.03571429,18.60714286,18.79714286
461,3/27/2016,19.03571429,18.60714286,18.79714286
462,3/28/2016,20.275,19.125,19.65166667
463,3/29/2016,22.18571429,21.17142857,21.69857143
464,3/30/2016,21.475,20.66666667,21.03833333
465,3/31/2016,20.65714286,19.7,20.20285714
466,4/1/2016,24.14285714,23.50714286,23.85285714
467,4/2/2016,24.14285714,23.50714286,23.85285714
468,4/3/2016,24.14285714,23.50714286,23.85285714
469,4/4/2016,28.17857143,26.21428571,27.31571429
470,4/5/2016,27.325,26.0625,26.74
471,4/6/2016,25.5,24.68125,25.04375
472,4/7/2016,24.625,22.73125,23.9625
473,4/8/2016,27.53571429,26.07142857,26.77142857
474,4/9/2016,27.53571429,26.07142857,26.77142857
475,4/10/2016,27.53571429,26.07142857,26.77142857
476,4/11/2016,25.14375,24.01875,24.58875
477,4/12/2016,25.82142857,24.57142857,25.32428571
478,4/13/2016,23.64166667,21.875,22.51666667
479,4/14/2016,21.95,20.32,21.284
480,4/15/2016,25.69375,24.28125,25.15875
481,4/16/2016,25.69375,24.28125,25.15875
482,4/17/2016,25.69375,24.28125,25.15875
483,4/18/2016,28.5,26,26.77833333
484,4/19/2016,26.46428571,25.12142857,25.72
485,4/20/2016,25.29166667,23.20833333,24.45333333
486,4/21/2016,25.04375,22.625,23.8525
487,4/22/2016,27.825,25.34375,26.4375
488,4/23/2016,27.825,25.34375,26.4375
489,4/24/2016,27.825,25.34375,26.4375
490,4/25/2016,25.83333333,24.125,25.21166667
491,4/26/2016,25.15625,23.45,24.5125
492,4/27/2016,22.20833333,21.1,21.61166667
493,4/28/2016,21.125,19.3,20.02833333
494,4/29/2016,23.45833333,22.25,22.91333333
495,4/30/2016,23.45833333,22.25,22.91333333
,,,,
497,5/1/2016,23.45833333,22.25,22.91333333
498,5/2/2016,25.20833333,24.25,24.62666667
499,5/3/2016,25.75,24.425,24.96375
500,5/4/2016,26.5,24.67142857,25.44571429
501,5/5/2016,24.04285714,23.15,23.54857143
502,5/6/2016,23.70833333,22.775,23.235
503,5/7/2016,23.70833333,22.775,23.235
504,5/8/2016,23.70833333,22.775,23.235
505,5/9/2016,24.625,23.25,23.805
506,5/10/2016,25.59375,24.80625,25.29625
507,5/11/2016,24.65714286,23.45,24.19714286
508,5/12/2016,22.45833333,21.55833333,22.15
509,5/13/2016,21.875,20.58333333,21.57
510,5/14/2016,21.875,20.58333333,21.57
511,5/15/2016,21.875,20.58333333,21.57
512,5/16/2016,23.1875,22.34375,22.75125
513,5/17/2016,22.9375,22.40625,22.66125
514,5/18/2016,20.58333333,19.325,19.69
515,5/19/2016,19.625,18.95833333,19.36166667
516,5/20/2016,21.59285714,20.63571429,21.02857143
517,5/21/2016,21.59285714,20.63571429,21.02857143
518,5/22/2016,21.59285714,20.63571429,21.02857143
519,5/23/2016,21.19166667,19.90833333,20.43333333
520,5/24/2016,25.82142857,23.60714286,24.63
521,5/25/2016,25.07142857,23.57142857,24.10857143
522,5/26/2016,23.39375,22.4,22.94
523,5/27/2016,27.08333333,24.79166667,26.26833333
524,5/28/2016,27.08333333,24.79166667,26.26833333
525,5/29/2016,27.08333333,24.79166667,26.26833333
526,5/30/2016,27.08333333,24.79166667,26.26833333
527,5/31/2016,26.01875,24.8125,25.45
528,6/1/2016,26.975,25.38125,26.205
529,6/2/2016,28.8125,26.1875,27.555
530,6/3/2016,31.15625,29.0625,30.45
531,6/4/2016,31.15625,29.0625,30.45
532,6/5/2016,31.15625,29.0625,30.45
533,6/6/2016,28.03125,26.53125,27.37125
534,6/7/2016,24.28571429,23.55714286,23.89428571
535,6/8/2016,23.75,22.92857143,23.31428571
536,6/9/2016,24.39285714,23.38571429,23.81857143
537,6/10/2016,27.94166667,26.80833333,27.51
538,6/11/2016,27.94166667,26.80833333,27.51
539,6/12/2016,27.94166667,26.80833333,27.51
540,6/13/2016,24.25,23.25,23.69333333
541,6/14/2016,26.03571429,25.08571429,25.66857143
542,6/15/2016,26.03571429,25.07142857,25.63571429
543,6/16/2016,26.98571429,26.12857143,26.49714286
544,6/17/2016,47.125,40.8125,43.08625
545,6/18/2016,47.125,40.8125,43.08625
546,6/19/2016,47.125,40.8125,43.08625
547,6/20/2016,41.1875,36.59375,38.275
548,6/21/2016,33.09375,31.20625,32.1375
549,6/22/2016,30.66428571,28.87857143,29.66428571
550,6/23/2016,28.82857143,27.26428571,28.04714286
551,6/24/2016,40.85,38.22857143,39.32857143
552,6/25/2016,40.85,38.22857143,39.32857143
553,6/26/2016,40.85,38.22857143,39.32857143
554,6/27/2016,37.78125,35.9875,36.88375
555,6/28/2016,32.85714286,31.42142857,32.05285714
556,6/29/2016,32.39285714,30.46428571,31.59
557,6/30/2016,32.5625,31.75,32.155
,,,,
559,7/1/2016,34.78571429,33.03571429,33.9
560,7/2/2016,34.78571429,33.03571429,33.9
561,7/3/2016,34.78571429,33.03571429,33.9
562,7/4/2016,34.78571429,33.03571429,33.9
563,7/5/2016,35.44285714,33.59285714,34.49714286
564,7/6/2016,37.32857143,35.39285714,36.61857143
565,7/7/2016,34.84375,32.8125,33.69375
566,7/8/2016,31.28333333,29.75,30.57833333
567,7/9/2016,31.28333333,29.75,30.57833333
568,7/10/2016,31.28333333,29.75,30.57833333
569,7/11/2016,32.125,30.475,31.29666667
570,7/12/2016,35.75,34.725,35.1525
571,7/13/2016,37.8875,36.74375,37.33625
572,7/14/2016,36.79166667,34.25,35.34666667
573,7/15/2016,38.06666667,36.48333333,37.125
574,7/16/2016,38.06666667,36.48333333,37.125
575,7/17/2016,38.06666667,36.48333333,37.125
576,7/18/2016,34.12142857,32.39285714,33.28285714
577,7/19/2016,35.60714286,33.07142857,33.77
578,7/20/2016,43.03125,40.09375,41.52875
579,7/21/2016,49.25,45.53571429,47.71714286
580,7/22/2016,55.21428571,46.92857143,50.66
581,7/23/2016,55.21428571,46.92857143,50.66
582,7/24/2016,55.21428571,46.92857143,50.66
583,7/25/2016,44.86875,42.59375,43.5925
584,7/26/2016,48.375,44.5625,46.5625
585,7/27/2016,58.82142857,52.21428571,56.14571429
586,7/28/2016,34.75,32.72142857,33.86714286
587,7/29/2016,34.45833333,32.91666667,33.60166667
588,7/30/2016,34.45833333,32.91666667,33.60166667
589,7/31/2016,34.45833333,32.91666667,33.60166667
590,8/1/2016,34.89285714,33.39285714,33.95142857
591,8/2/2016,38.25625,36.4375,37.22375
592,8/3/2016,43.3125,39.8125,42.44625
593,8/4/2016,38.17857143,34.75,36.48142857
594,8/5/2016,38.55833333,36.75,37.88833333
595,8/6/2016,38.55833333,36.75,37.88833333
596,8/7/2016,38.55833333,36.75,37.88833333
597,8/8/2016,38.75,36.38333333,37.63166667
598,8/9/2016,40.14285714,38.38571429,39.26428571
599,8/10/2016,46.81428571,42.89285714,44.9
600,8/11/2016,54.07142857,48.14285714,51.07714286
601,8/12/2016,49.92857143,45.71428571,47.77571429
602,8/13/2016,49.92857143,45.71428571,47.77571429
603,8/14/2016,49.92857143,45.71428571,47.77571429
604,8/15/2016,52.33333333,48.16666667,49.87666667
605,8/16/2016,52.33333333,48.16666667,49.87666667
606,8/17/2016,52.33333333,48.16666667,49.87666667
607,8/18/2016,52.33333333,48.16666667,49.87666667
608,8/19/2016,52.33333333,48.16666667,49.87666667
609,8/20/2016,52.33333333,48.16666667,49.87666667
610,8/21/2016,52.33333333,48.16666667,49.87666667
611,8/22/2016,52.33333333,48.16666667,49.87666667
612,8/23/2016,52.33333333,48.16666667,49.87666667
613,8/24/2016,52.33333333,48.16666667,49.87666667
614,8/25/2016,52.33333333,48.16666667,49.87666667
615,8/26/2016,52.33333333,48.16666667,49.87666667
616,8/27/2016,52.33333333,48.16666667,49.87666667
617,8/28/2016,52.33333333,48.16666667,49.87666667
618,8/29/2016,52.33333333,48.16666667,49.87666667
619,8/30/2016,52.33333333,48.16666667,49.87666667
620,8/31/2016,52.33333333,48.16666667,49.87666667
621,9/1/2016,52.33333333,48.16666667,49.87666667
622,9/2/2016,52.33333333,48.16666667,49.87666667
623,9/3/2016,52.33333333,48.16666667,49.87666667
624,9/4/2016,52.33333333,48.16666667,49.87666667
625,9/5/2016,52.33333333,48.16666667,49.87666667
626,9/6/2016,52.33333333,48.16666667,49.87666667
627,9/7/2016,52.33333333,48.16666667,49.87666667
628,9/8/2016,52.33333333,48.16666667,49.87666667
629,9/9/2016,52.33333333,48.16666667,49.87666667
630,9/10/2016,52.33333333,48.16666667,49.87666667
631,9/11/2016,52.33333333,48.16666667,49.87666667
632,9/12/2016,52.33333333,48.16666667,49.87666667
633,9/13/2016,52.33333333,48.16666667,49.87666667
634,9/14/2016,52.33333333,48.16666667,49.87666667
635,9/15/2016,52.33333333,48.16666667,49.87666667
636,9/16/2016,52.33333333,48.16666667,49.87666667
637,9/17/2016,52.33333333,48.16666667,49.87666667
638,9/18/2016,52.33333333,48.16666667,49.87666667
639,9/19/2016,52.33333333,48.16666667,49.87666667
640,9/20/2016,52.33333333,48.16666667,49.87666667
641,9/21/2016,52.33333333,48.16666667,49.87666667
642,9/22/2016,52.33333333,48.16666667,49.87666667
643,9/23/2016,52.33333333,48.16666667,49.87666667
644,9/24/2016,52.33333333,48.16666667,49.87666667
645,9/25/2016,52.33333333,48.16666667,49.87666667
646,9/26/2016,52.33333333,48.16666667,49.87666667
647,9/27/2016,52.33333333,48.16666667,49.87666667
648,9/28/2016,52.33333333,48.16666667,49.87666667
649,9/29/2016,52.33333333,48.16666667,49.87666667
650,9/30/2016,52.33333333,48.16666667,49.87666667
,,,,
652,10/1/2016,52.33333333,48.16666667,49.87666667
653,10/2/2016,52.33333333,48.16666667,49.87666667
654,10/3/2016,52.33333333,48.16666667,49.87666667
655,10/4/2016,52.33333333,48.16666667,49.87666667
656,10/5/2016,52.33333333,48.16666667,49.87666667
657,10/6/2016,52.33333333,48.16666667,49.87666667
658,10/7/2016,52.33333333,48.16666667,49.87666667
659,10/8/2016,52.33333333,48.16666667,49.87666667
660,10/9/2016,52.33333333,48.16666667,49.87666667
661,10/10/2016,52.33333333,48.16666667,49.87666667
662,10/11/2016,52.33333333,48.16666667,49.87666667
663,10/12/2016,52.33333333,48.16666667,49.87666667
664,10/13/2016,52.33333333,48.16666667,49.87666667
665,10/14/2016,52.33333333,48.16666667,49.87666667
666,10/15/2016,52.33333333,48.16666667,49.87666667
667,10/16/2016,52.33333333,48.16666667,49.87666667
668,10/17/2016,52.33333333,48.16666667,49.87666667
669,10/18/2016,52.33333333,48.16666667,49.87666667
670,10/19/2016,52.33333333,48.16666667,49.87666667
671,10/20/2016,52.33333333,48.16666667,49.87666667
672,10/21/2016,52.33333333,48.16666667,49.87666667
673,10/22/2016,52.33333333,48.16666667,49.87666667
674,10/23/2016,52.33333333,48.16666667,49.87666667
675,10/24/2016,52.33333333,48.16666667,49.87666667
676,10/25/2016,52.33333333,48.16666667,49.87666667
677,10/26/2016,52.33333333,48.16666667,49.87666667
678,10/27/2016,52.33333333,48.16666667,49.87666667
679,10/28/2016,52.33333333,48.16666667,49.87666667
680,10/29/2016,52.33333333,48.16666667,49.87666667
681,10/30/2016,52.33333333,48.16666667,49.87666667
682,10/31/2016,52.33333333,48.16666667,49.87666667
683,11/1/2016,52.33333333,48.16666667,49.87666667
684,11/2/2016,52.33333333,48.16666667,49.87666667
685,11/3/2016,52.33333333,48.16666667,49.87666667
686,11/4/2016,52.33333333,48.16666667,49.87666667
687,11/5/2016,52.33333333,48.16666667,49.87666667
688,11/6/2016,52.33333333,48.16666667,49.87666667
689,11/7/2016,52.33333333,48.16666667,49.87666667
690,11/8/2016,52.33333333,48.16666667,49.87666667
691,11/9/2016,52.33333333,48.16666667,49.87666667
692,11/10/2016,52.33333333,48.16666667,49.87666667
693,11/11/2016,52.33333333,48.16666667,49.87666667
694,11/12/2016,52.33333333,48.16666667,49.87666667
695,11/13/2016,52.33333333,48.16666667,49.87666667
696,11/14/2016,52.33333333,48.16666667,49.87666667
697,11/15/2016,52.33333333,48.16666667,49.87666667
698,11/16/2016,52.33333333,48.16666667,49.87666667
699,11/17/2016,52.33333333,48.16666667,49.87666667
700,11/18/2016,52.33333333,48.16666667,49.87666667
701,11/19/2016,52.33333333,48.16666667,49.87666667
702,11/20/2016,52.33333333,48.16666667,49.87666667
703,11/21/2016,52.33333333,48.16666667,49.87666667
704,11/22/2016,52.33333333,48.16666667,49.87666667
705,11/23/2016,52.33333333,48.16666667,49.87666667
706,11/24/2016,52.33333333,48.16666667,49.87666667
707,11/25/2016,52.33333333,48.16666667,49.87666667
708,11/26/2016,52.33333333,48.16666667,49.87666667
709,11/27/2016,52.33333333,48.16666667,49.87666667
710,11/28/2016,52.33333333,48.16666667,49.87666667
711,11/29/2016,52.33333333,48.16666667,49.87666667
712,11/30/2016,52.33333333,48.16666667,49.87666667
714,12/1/2016,52.33333333,48.16666667,49.87666667
715,12/2/2016,52.33333333,48.16666667,49.87666667
716,12/3/2016,52.33333333,48.16666667,49.87666667
717,12/4/2016,52.33333333,48.16666667,49.87666667
718,12/5/2016,52.33333333,48.16666667,49.87666667
719,12/6/2016,52.33333333,48.16666667,49.87666667
720,12/7/2016,52.33333333,48.16666667,49.87666667
721,12/8/2016,52.33333333,48.16666667,49.87666667
722,12/9/2016,52.33333333,48.16666667,49.87666667
723,12/10/2016,52.33333333,48.16666667,49.87666667
724,12/11/2016,52.33333333,48.16666667,49.87666667
725,12/12/2016,52.33333333,48.16666667,49.87666667
726,12/13/2016,52.33333333,48.16666667,49.87666667
727,12/14/2016,52.33333333,48.16666667,49.87666667
728,12/15/2016,52.33333333,48.16666667,49.87666667
729,12/16/2016,52.33333333,48.16666667,49.87666667
730,12/17/2016,52.33333333,48.16666667,49.87666667
731,12/18/2016,52.33333333,48.16666667,49.87666667
732,12/19/2016,52.33333333,48.16666667,49.87666667
733,12/20/2016,52.33333333,48.16666667,49.87666667
734,12/21/2016,52.33333333,48.16666667,49.87666667
735,12/22/2016,52.33333333,48.16666667,49.87666667
736,12/23/2016,52.33333333,48.16666667,49.87666667
737,12/24/2016,52.33333333,48.16666667,49.87666667
738,12/25/2016,52.33333333,48.16666667,49.87666667
739,12/26/2016,52.33333333,48.16666667,49.87666667
740,12/27/2016,52.33333333,48.16666667,49.87666667
741,12/28/2016,52.33333333,48.16666667,49.87666667
742,12/29/2016,52.33333333,48.16666667,49.87666667
743,12/30/2016,52.33333333,48.16666667,49.87666667
744,12/31/2016,52.33333333,48.16666667,49.87666667
